Workbook

Sheet Data_Per_Hari
A1: Data Per Hari: Total Kendaraan dan Parameter GNSS
A3: Hari | B3: Mobil_1Jam | C3: Truck_1Jam | D3: Motor_1Jam | E3: Total_1Jam | F3: Avg_RMSE_Horiz_m | G3: Avg_RMSE_Vert_m | H3: Avg_RMSE_Lat_m | I3: Avg_RMSE_Long_m
A4: Day 1 | B4: 564 | C4: 280 | D4: 960 | E4: 1804 | F4: 0.58 | G4: 0.703 | H4: 0.493 | I4: 0.301
A5: Day 2 | B5: 632 | C5: 330 | D5: 1056 | E5: 2018 | F5: 0.193 | G5: 0.122 | H5: 0.173 | I5: 0.17
A6: Day 3 | B6: 479 | C6: 221 | D6: 845 | E6: 1545 | F6: 0.413 | G6: 0.343 | H6: 0.296 | I6: 0.228
A7: Day 4 | B7: 609 | C7: 252 | D7: 1008 | E7: 1869 | F7: 0.129 | G7: 0.291 | H7: 0.236 | I7: 0.113

Sheet Statistik_Hubungan
A1: Statistik Hubungan: Total Kendaraan vs Parameter GNSS
A3: Parameter_GNSS | B3: Faktor | C3: r | D3: Arah | E3: Kekuatan | F3: Slope | G3: Intersep | H3: R2 | I3: Persamaan_Regresi | J3: Rumus_Excel
A4: Avg_RMSE_Horiz_m | B4: Total_1Jam | C4: =CORREL(Data_Per_Hari!$E$4:$E$7,Data_Per_Hari!$F4:F7) -> -0.52066404 | D4: =IF(C4>0,"Positif","Negatif") -> Negatif | E4: =IF(ABS(C4)<0.3,"Lemah",IF(ABS(C4)<0.6,"Sedang","Kuat")) -> Sedang | F4: =SLOPE(Data_Per_Hari!$F4:F7,Data_Per_Hari!$E$4:$E$7) -> -0.0005457599 | G4: =INTERCEPT(Data_Per_Hari!$F4:F7,Data_Per_Hari!$E$4:$E$7) -> 1.3160297 | H4: =RSQ(Data_Per_Hari!$F4:F7,Data_Per_Hari!$E$4:$E$7) -> 0.27109104 | I4: =_xlfn.CONCAT("y = ",TEXT(F4,"0.000000"),"x + ",TEXT(G4,"0.000000")) -> y = -0.000546x + 1.316030 | J4: =_xlfn.FORMULATEXT(C4) -> =CORREL(Data_Per_Hari!$E$4:$E$7;Data_Per_Hari!$F4:F7)
A5: Avg_RMSE_Vert_m | B5: Total_1Jam | C5: =CORREL(Data_Per_Hari!$E$4:$E$7,Data_Per_Hari!$G4:G7) -> -0.35291314 | D5: =IF(C5>0,"Positif","Negatif") -> Negatif | E5: =IF(ABS(C5)<0.3,"Lemah",IF(ABS(C5)<0.6,"Sedang","Kuat")) -> Sedang | F5: =SLOPE(Data_Per_Hari!$G4:G7,Data_Per_Hari!$E$4:$E$7) -> -0.00043682159 | G5: =INTERCEPT(Data_Per_Hari!$G4:G7,Data_Per_Hari!$E$4:$E$7) -> 1.1549603 | H5: =RSQ(Data_Per_Hari!$G4:G7,Data_Per_Hari!$E$4:$E$7) -> 0.12454768 | I5: =_xlfn.CONCAT("y = ",TEXT(F5,"0.000000"),"x + ",TEXT(G5,"0.000000")) -> y = -0.000437x + 1.154960 | J5: =_xludf.FORMULATEXT(C5) -> #NAME?
A6: Avg_RMSE_Lat_m | B6: Total_1Jam | C6: =CORREL(Data_Per_Hari!$E$4:$E$7,Data_Per_Hari!$H4:H7) -> -0.3693507 | D6: =IF(C6>0,"Positif","Negatif") -> Negatif | E6: =IF(ABS(C6)<0.3,"Lemah",IF(ABS(C6)<0.6,"Sedang","Kuat")) -> Sedang | F6: =SLOPE(Data_Per_Hari!$H4:H7,Data_Per_Hari!$E$4:$E$7) -> -0.00025890156 | G6: =INTERCEPT(Data_Per_Hari!$H4:H7,Data_Per_Hari!$E$4:$E$7) -> 0.76785292 | H6: =RSQ(Data_Per_Hari!$H4:H7,Data_Per_Hari!$E$4:$E$7) -> 0.13641994 | I6: =_xlfn.CONCAT("y = ",TEXT(F6,"0.000000"),"x + ",TEXT(G6,"0.000000")) -> y = -0.000259x + 0.767853 | J6: =_xludf.FORMULATEXT(C6) -> #NAME?
A7: Avg_RMSE_Long_m | B7: Total_1Jam | C7: =CORREL(Data_Per_Hari!$E$4:$E$7,Data_Per_Hari!$I4:I7) -> -0.40673516 | D7: =IF(C7>0,"Positif","Negatif") -> Negatif | E7: =IF(ABS(C7)<0.3,"Lemah",IF(ABS(C7)<0.6,"Sedang","Kuat")) -> Sedang | F7: =SLOPE(Data_Per_Hari!$I4:I7,Data_Per_Hari!$E$4:$E$7) -> -0.00016569802 | G7: =INTERCEPT(Data_Per_Hari!$I4:I7,Data_Per_Hari!$E$4:$E$7) -> 0.50274772 | H7: =RSQ(Data_Per_Hari!$I4:I7,Data_Per_Hari!$E$4:$E$7) -> 0.16543349 | I7: =_xlfn.CONCAT("y = ",TEXT(F7,"0.000000"),"x + ",TEXT(G7,"0.000000")) -> y = -0.000166x + 0.502748 | J7: =_xludf.FORMULATEXT(C7) -> #NAME?

Sheet Statistik_Deskriptif
A1: Statistik Deskriptif Parameter GNSS Antar-Hari
A3: Parameter | B3: Mean | C3: SD Sampel | D3: Minimum | E3: Hari Minimum | F3: Maksimum | G3: Hari Maksimum | H3: CV (%) | I3: Rumus_Mean
A4: RMSE Horizontal | B4: =AVERAGE(Data_Per_Hari!$F4:F7) -> 0.32875 | C4: =_xlfn.STDEV.S(Data_Per_Hari!$F4:F7) -> 0.20700463 | D4: =MIN(Data_Per_Hari!$F4:F7) -> 0.129 | E4: =INDEX(Data_Per_Hari!$A$4:$A$7,MATCH(D4,Data_Per_Hari!$F4:F7,0)) -> Day 4 | F4: =MAX(Data_Per_Hari!$F4:F7) -> 0.58 | G4: =INDEX(Data_Per_Hari!$A$4:$A$7,MATCH(F4,Data_Per_Hari!$F4:F7,0)) -> Day 1 | H4: =(C4/B4)*100 -> 62.967188 | I4: =_xlfn.FORMULATEXT(B4) -> =AVERAGE(Data_Per_Hari!$F4:F7)
A5: RMSE Vertikal | B5: =AVERAGE(Data_Per_Hari!$G4:G7) -> 0.36475 | C5: =_xlfn.STDEV.S(Data_Per_Hari!$G4:G7) -> 0.24444001 | D5: =MIN(Data_Per_Hari!$G4:G7) -> 0.122 | E5: =INDEX(Data_Per_Hari!$A$4:$A$7,MATCH(D5,Data_Per_Hari!$G4:G7,0)) -> Day 2 | F5: =MAX(Data_Per_Hari!$G4:G7) -> 0.703 | G5: =INDEX(Data_Per_Hari!$A$4:$A$7,MATCH(F5,Data_Per_Hari!$G4:G7,0)) -> Day 1 | H5: =(C5/B5)*100 -> 67.015766 | I5: =_xludf.FORMULATEXT(B5) -> #NAME?
A6: RMSE Latitude | B6: =AVERAGE(Data_Per_Hari!$H4:H7) -> 0.2995 | C6: =_xlfn.STDEV.S(Data_Per_Hari!$H4:H7) -> 0.13843049 | D6: =MIN(Data_Per_Hari!$H4:H7) -> 0.173 | E6: =INDEX(Data_Per_Hari!$A$4:$A$7,MATCH(D6,Data_Per_Hari!$H4:H7,0)) -> Day 2 | F6: =MAX(Data_Per_Hari!$H4:H7) -> 0.493 | G6: =INDEX(Data_Per_Hari!$A$4:$A$7,MATCH(F6,Data_Per_Hari!$H4:H7,0)) -> Day 1 | H6: =(C6/B6)*100 -> 46.22053 | I6: =_xludf.FORMULATEXT(B6) -> #NAME?
A7: RMSE Longitude | B7: =AVERAGE(Data_Per_Hari!$I4:I7) -> 0.203 | C7: =_xlfn.STDEV.S(Data_Per_Hari!$I4:I7) -> 0.080452885 | D7: =MIN(Data_Per_Hari!$I4:I7) -> 0.113 | E7: =INDEX(Data_Per_Hari!$A$4:$A$7,MATCH(D7,Data_Per_Hari!$I4:I7,0)) -> Day 4 | F7: =MAX(Data_Per_Hari!$I4:I7) -> 0.301 | G7: =INDEX(Data_Per_Hari!$A$4:$A$7,MATCH(F7,Data_Per_Hari!$I4:I7,0)) -> Day 1 | H7: =(C7/B7)*100 -> 39.631963 | I7: =_xludf.FORMULATEXT(B7) -> #NAME?

Sheet Rumus_Matematis
A1: Rumus Matematis yang Dipakai
A3: Komponen | B3: Rumus | C3: Makna | D3: Contoh fungsi Excel
A4: Koefisien korelasi | B4: r | C4: Menunjukkan arah dan kekuatan hubungan linear | D4: CORREL(x,y)
A5: Regresi linear | B5: y = a + bx | C5: b = slope, a = intersep | D5: SLOPE(y,x), INTERCEPT(y,x)
A6: Koefisien determinasi | B6: R² = r² | C6: Proporsi variasi y yang dijelaskan oleh x | D6: RSQ(y,x)
A7: Rata-rata | B7: x̄ = Σx / n | C7: Nilai tengah dari data | D7: AVERAGE(range)
A8: SD sampel | B8: s = √(Σ(x-x̄)²/(n-1)) | C8: Penyebaran data terhadap mean | D8: STDEV.S(range)
A9: CV | B9: CV = (SD / Mean) × 100% | C9: Keragaman relatif | D9: (SD/Mean)*100
